9symml_orig_verify,17
alu2_orig_verify,74
alu4_orig_verify,73
apex6_orig_verify,20
apex7_orig_verify,21
b1_orig_verify,6
b9_orig_verify,11
C1355_orig_verify,27
C17_orig_verify,4
C1908_orig_verify,32
C2670_orig_verify,29
C3540_orig_verify,42
C432_orig_verify,43
C499_orig_verify,24
C5315_orig_verify,39
C6288_orig_verify,121
C7552_orig_verify,25
C880_orig_verify,21
c8_orig_verify,13
cc_orig_verify,7
cht_orig_verify,10
cm138a_orig_verify,4
cm150a_orig_verify,14
cm151a_orig_verify,11
cm152a_orig_verify,11
cm162a_orig_verify,12
cm163a_orig_verify,11
cm42a_orig_verify,4
cm82a_orig_verify,7
cm85a_orig_verify,9
cmb_orig_verify,15
comp_orig_verify,14
cordic_orig_verify,13
count_orig_verify,20
cu_orig_verify,10
dalu_orig_verify,40
decod_orig_verify,3
des_orig_verify,16
example2_orig_verify,16
f51m_orig_verify,26
frg1_orig_verify,115
frg2_orig_verify,24
i10_orig_verify,51
i1_orig_verify,7
i2_orig_verify,49
i3_orig_verify,16
i4_orig_verify,16
i5_orig_verify,17
i6_orig_verify,7
i7_orig_verify,8
i8_orig_verify,23
i9_orig_verify,24
k2_orig_verify,15
lal_orig_verify,12
majority_orig_verify,7
mux_orig_verify,20
my_adder_orig_verify,49
pair_orig_verify,24
parity_orig_verify,9
pcle_orig_verify,10
pcler8_orig_verify,13
pm1_orig_verify,7
rot_orig_verify,25
sct_orig_verify,4
t481_orig_verify,4
tcon_orig_verify,4
term1_orig_verify,4
too_large_orig_verify,16
ttt2_orig_verify,4
unreg_orig_verify,5
vda_orig_verify,60
x1_orig_verify,100
x2_orig_verify,10
x3_orig_verify,12
x4_orig_verify,9
z4ml_orig_verify,9
